안국역점,종로구,02-7445-0445
경복궁역점,종로구,02-7445-0445
동부이촌점,용산구,02-7445-0445
신용산역점,용산구,02-7445-0445
왕십리역점,성동구,02-7445-0445
답십리로데오점,성동구,02-7445-0445
금호역점,성동구,02-7445-0445
중곡역점,광진구,02-7445-0445
건국대점,광진구,02-7445-0445
잠실역지하쇼핑센터점,광진구,02-7445-0445
동대문역점,동대문구,02-7445-0445
신설동역점,동대문구,02-7445-0445
외대앞역점,동대문구,02-7445-0445
회기역점,동대문구,02-7445-0445
고대정문점,동대문구,02-7445-0445
중랑역점,중랑구,02-7445-0445
먹골역점,중랑구,02-7445-0445
동소문점,성북구,02-7445-0445
고대점,성북구,02-7445-0445
한성대입구역점,성북구,02-7445-0445
길음뉴타운점,성북구,02-7445-0445
월곡두산점,성북구,02-7445-0445
미아역점,강북구,02-7445-0445
미아수유시장점,강북구,02-7445-0445
우이동점,강북구,02-7445-0445
미아롯데점,강북구,02-7445-0445
수유점,강북구,02-7445-0445
창동역점,도봉구,02-7445-0445
쌍문세라믹점,도봉구,02-7445-0445
공릉역점,노원구,02-7445-0445
노원역점,노원구,02-7445-0445
석계역점,노원구,02-7445-0445
상계역점,노원구,02-7445-0445
은행사거리점,노원구,02-7445-0445
수락산역점,노원구,02-7445-0445
화랑대역점,노원구,02-7445-0445
노원중앙점,노원구,02-7445-0445
연신내역점,은평구,02-7445-0445
은평뉴타운,은평구,02-7445-0445
수색자이점,은평구,02-7445-0445
구산사거리점,은평구,02-7445-0445
역말사거리점,은평구,02-7445-0445
은평대림시장점,은평구,02-7445-0445
명지대점,서대문구,02-7445-0445
서울북가좌점,서대문구,02-7445-0445
홍제역점,서대문구,02-7445-0445
홍대입구역점,마포구,02-7445-0445
연남숲길점,마포구,02-7445-0445
홍대점,마포구,02-7445-0445
망원역점,마포구,02-7445-0445
홍대L7점,마포구,02-7445-0445
동교점,마포구,02-7445-0445
합정역점,마포구,02-7445-0445
공덕오거리,마포구,02-7445-0445
사보이시티점,마포구,02-7445-0445
오목교역점,양천구,02-7445-0445
양천구청점,양천구,02-7445-0445
신정네거리역점,양천구,02-7445-0445
목동역점,양천구,02-7445-0445
목동시장점,양천구,02-7445-0445
목동파리공원점,양천구,02-7445-0445
마곡점,강서구,02-7445-0445
가양역점,강서구,02-7445-0445
까치산역점,강서구,02-7445-0445
화곡역점,강서구,02-7445-0445
발산역점,강서구,02-7445-0445
신방화역점,강서구,02-7445-0445
우장산역점,강서구,02-7445-0445
발산중앙점,강서구,02-7445-0445
등촌성당점,강서구,02-7445-0445
마곡중앙점,강서구,02-7445-0445
방화역점,강서구,02-7445-0445
양천향교역점,강서구,02-7445-0445
신도림역점,구로구,02-7445-0445
구로디지털단지역점,구로구,02-7445-0445
구로깔깔거리점,구로구,02-7445-0445
동양미래대학점,구로구,02-7445-0445
개봉북부역점,구로구,02-7445-0445
오류남부점,구로구,02-7445-0445
금천롯데캐슬점,금천구,02-7445-0445
가산디지털단지점,금천구,02-7445-0445
가산SKV1점,금천구,02-7445-0445
시흥중앙점,금천구,02-7445-0445
당산역점,영등포구,02-7445-0445
문래에이스하이테크점,영등포구,02-7445-0445
이수태평점,동작구,02-7445-0445
노량진점,동작구,02-7445-0445
보라매점,동작구,02-7445-0445
보라매타운점,동작구,02-7445-0445
서울대입구역점,관악구,02-7445-0445
대학점,관악구,02-7445-0445
신림프라임법학원점,관악구,02-7445-0445
낙성대역점,관악구,02-7445-0445
서초법원점,서초구,02-7445-0445
교대역점,서초구,02-7445-0445
반포고투몰점,서초구,02-7445-0445
강남지하도점,강남구,02-7445-0445
대치학원가점,강남구,02-7445-0445
대치역점,강남구,02-7445-0445
문정아이파크점,송파구,02-7445-0445
잠실지하쇼핑센터점,송파구,02-7445-0445
잠실레이크팰리스점,송파구,02-7445-0445
문정테라타워2점,송파구,02-7445-0445
H비지니스파크점,송파구,02-7445-0445
위례와이즈더샵점,송파구,02-7445-0445
천호로데오점,강동구,02-7445-0445
강동구청점,강동구,02-7445-0445
고덕역점,강동구,02-7445-0445
천호역점,강동구,02-7445-0445
암사역점,강동구,02-7445-0445